studrollno,Accommodation Operation,Accountancy,Bakery,Banking,Biology,Botany,Business Studies,Chemistry,Civics,Computer Application,Co-operation,Economics,English,French,General Foundation Course,Hindi,History,Konkani,Logic,Marathi,Mathematics,Physics,Political Science,Portuguese,Psychology,Secretarial Practice,Sociology,Hindi_y,History_y,Political Science_y,Portuguese_y,Psychology_y,Economics_y,English_y,Konkani_y,Marathi_y,Philosophy,Sociology_y
19-1001,0,0,0,0,0,0,0,0,0,0,0,80,81,61,0,0,85,0,0,0,0,0,0,0,90,0,96,ND,ND,ND,ND,A,A,ND,ND,ND,ND,A+
19-1002,0,0,0,0,0,0,0,0,0,0,0,99,78,0,0,90,0,0,0,90,0,0,0,0,86,0,80,ND,ND,ND,ND,A,A,ND,ND,ND,ND,A
19-1003,0,0,0,0,0,0,0,0,0,0,0,47,47,0,0,45,60,0,0,0,0,0,0,0,43,0,45,ND,ND,ND,ND,F,P,ND,ND,ND,ND,F
19-1004,0,75,0,0,0,0,82,0,0,0,0,79,68,67,0,0,0,0,0,0,75,0,0,0,0,0,0,ND,ND,ND,ND,A,A+,ND,ND,ND,ND,A+
19-1005,0,0,0,0,0,0,0,0,0,0,0,96,82,0,0,89,0,89,0,0,0,0,0,0,93,0,100,ND,ND,ND,ND,A,A,ND,ND,ND,ND,A
19-1006,0,0,0,0,0,0,0,0,0,0,0,81,71,0,0,0,65,0,0,0,0,0,63,61,74,0,0,ND,ND,ND,ND,B+,B+,ND,ND,ND,ND,B
19-1007,0,0,0,0,0,0,0,0,0,0,0,85,75,45,0,0,91,0,0,0,0,0,0,0,84,0,87,ND,ND,ND,ND,B+,B+,ND,ND,ND,ND,A
19-1008,0,0,0,0,0,0,0,0,0,0,0,93,76,0,0,84,94,0,0,0,0,0,85,0,94,0,0,ND,ND,ND,ND,A+,A+,ND,ND,ND,ND,A+
19-1009,0,0,0,0,0,0,0,0,0,0,0,69,76,0,0,0,85,70,0,0,0,0,0,0,79,0,96,ND,ND,ND,ND,B+,A,ND,ND,ND,ND,A
19-1010,0,0,0,0,0,0,0,0,0,0,0,75,73,0,0,59,0,57,0,0,0,0,0,0,64,0,58,ND,ND,ND,ND,F,C,ND,ND,ND,ND,F
19-1011,0,0,0,0,0,0,0,0,0,0,0,90,61,0,0,75,0,65,0,0,0,0,0,0,85,0,57,ND,ND,ND,ND,C,A,ND,ND,ND,ND,B
19-1012,0,0,0,0,0,0,0,0,0,0,0,90,71,0,0,85,88,0,0,0,0,0,0,0,81,0,81,ND,ND,ND,ND,B+,A+,ND,ND,ND,ND,A
19-1013,0,0,0,0,0,0,0,0,0,0,0,91,64,0,0,84,80,0,0,0,0,0,0,0,85,0,89,ND,ND,ND,ND,A,A,ND,ND,ND,ND,O
19-1014,0,0,0,0,0,0,0,0,0,0,0,87,77,0,0,73,84,0,0,0,0,0,0,0,95,0,96,ND,ND,ND,ND,B,A,ND,ND,ND,ND,A
19-1015,0,0,0,0,0,0,0,0,0,0,0,92,69,0,0,0,79,0,0,87,0,0,78,0,0,0,76,ND,ND,ND,ND,B+,B+,ND,ND,ND,ND,B+
19-1016,0,0,0,0,0,0,0,0,0,0,0,0,74,0,0,83,85,0,0,0,0,0,0,0,85,0,0,ND,ND,ND,ND,B+,A,ND,ND,ND,ND,A
19-1018,0,0,0,0,0,0,0,0,0,0,0,0,75,0,0,0,92,0,0,0,0,0,0,0,84,0,0,ND,ND,ND,ND,A,A+,ND,ND,ND,ND,A+
19-1019,0,0,0,0,0,0,0,0,0,0,0,0,73,0,0,79,0,82,0,0,0,0,0,0,83,0,0,ND,ND,ND,ND,C,B,ND,ND,ND,ND,C
19-1020,0,0,0,0,0,0,0,0,0,0,0,0,69,44,0,0,68,0,0,0,0,0,0,0,79,0,0,ND,ND,ND,ND,B+,B,ND,ND,ND,ND,F
19-1021,0,0,0,0,0,0,0,0,0,0,0,0,72,0,0,69,0,0,0,67,0,0,0,0,67,0,0,ND,ND,ND,ND,F,P,ND,ND,ND,ND,F
19-1031,0,0,0,0,0,0,0,0,0,0,0,0,71,0,0,0,70,73,0,0,0,0,0,0,90,0,0,ND,ND,B+,ND,ND,B+,ND,ND,ND,ND,B+
19-1032,0,0,0,0,0,0,0,0,0,0,0,0,51,0,0,0,82,0,0,0,0,0,0,0,0,73,0,ND,ND,P,ND,ND,B+,ND,ND,ND,ND,B+
19-1034,0,0,0,0,0,0,96,0,0,0,0,0,93,0,0,0,0,0,0,0,0,0,100,0,0,0,100,ND,ND,A+,ND,ND,A+,ND,ND,ND,ND,O
19-1036,0,0,0,0,0,0,0,0,0,0,0,96,65,0,0,0,95,93,0,0,0,0,0,0,0,0,0,ND,ND,O,ND,ND,O,ND,ND,ND,ND,O
19-1037,0,0,0,0,0,0,0,0,0,0,0,84,66,0,0,86,0,0,0,0,0,0,97,0,0,0,0,ND,ND,C,ND,ND,B+,ND,ND,ND,ND,B+
19-1038,0,0,0,0,0,0,0,0,0,0,0,0,59,0,0,83,0,73,0,0,0,0,0,0,89,0,0,ND,ND,B+,ND,ND,B+,ND,ND,ND,ND,B+
19-1041,0,0,0,0,0,0,0,0,0,0,0,74,45,0,0,0,57,0,0,0,0,0,0,0,0,0,0,ND,ND,P,ND,ND,B+,ND,ND,ND,ND,F
19-1042,0,0,0,0,0,0,0,0,0,0,0,0,68,0,0,0,77,81,0,0,0,0,0,0,97,0,0,ND,ND,A,ND,ND,B+,ND,ND,ND,ND,B+
19-1052,0,0,0,0,0,0,0,0,0,0,0,0,64,0,0,78,0,0,0,73,0,0,0,0,76,0,0,P,ND,ND,ND,ND,C,ND,ND,ND,ND,C
19-1053,0,0,0,0,0,0,0,0,0,0,0,59,63,0,0,83,78,0,0,0,0,0,0,0,0,0,0,B,ND,ND,ND,ND,B+,ND,ND,ND,ND,F
19-1054,0,0,0,0,0,0,0,0,0,0,0,0,53,0,0,69,57,0,0,0,0,0,0,0,57,0,0,P,ND,ND,ND,ND,P,ND,ND,ND,ND,P
19-1055,0,0,0,0,0,0,0,0,0,0,0,82,72,0,0,82,0,70,0,0,0,0,0,0,0,0,0,C,ND,ND,ND,ND,A,ND,ND,ND,ND,B
19-1056,0,0,0,0,0,0,0,0,0,0,0,0,71,0,0,88,90,0,0,0,0,0,0,0,88,0,0,B,ND,ND,ND,ND,B+,ND,ND,ND,ND,B
19-1057,0,0,0,0,0,0,0,0,0,0,0,0,53,0,0,83,0,0,0,0,0,0,0,0,89,0,0,B,ND,ND,ND,ND,A,ND,ND,ND,ND,A
19-1058,0,0,0,0,0,0,0,0,0,0,0,0,80,0,0,88,0,0,0,0,0,0,0,0,98,0,0,A,ND,ND,ND,ND,A+,ND,ND,ND,ND,A+
19-1071,0,0,0,0,0,0,0,0,0,0,0,0,60,0,0,0,88,79,0,0,0,0,0,0,84,0,0,ND,B+,ND,ND,B+,B+,ND,ND,ND,ND,ND
19-1072,0,0,0,0,0,0,0,0,0,0,0,0,73,0,0,0,80,71,0,0,0,0,0,0,86,0,0,ND,A,ND,ND,B+,B+,ND,ND,ND,ND,ND
19-1073,0,0,0,0,0,0,0,0,0,0,0,0,73,0,0,0,89,83,0,0,0,0,0,0,93,0,0,ND,A,ND,ND,A,A,ND,ND,ND,ND,ND
19-1074,0,0,0,0,0,0,0,0,0,0,0,0,79,0,0,80,84,0,0,0,0,0,0,0,89,0,0,ND,A,ND,ND,B+,A,ND,ND,ND,ND,ND
19-1075,0,0,0,0,0,0,0,0,0,0,0,0,70,0,0,0,81,66,0,0,0,0,0,0,77,0,0,ND,AB,ND,ND,AB,AB,ND,ND,ND,ND,ND
19-1076,0,0,0,0,0,0,0,0,0,0,0,0,35,0,0,0,53,40,0,0,0,0,0,0,44,0,0,ND,F,ND,ND,F,P,ND,ND,ND,ND,ND
19-1077,0,0,0,0,0,0,0,0,0,0,0,0,73,0,0,0,94,81,0,0,0,0,0,0,95,0,0,ND,A,ND,ND,B+,A+,ND,ND,ND,ND,ND
19-1078,0,0,0,0,0,0,0,0,0,0,0,0,66,0,0,85,90,0,0,0,0,0,0,0,88,0,0,ND,A,ND,ND,C,B+,ND,ND,ND,ND,ND
19-1079,0,0,0,0,0,0,0,0,0,0,0,0,74,0,0,0,99,0,0,0,0,0,0,0,93,0,0,ND,A,ND,ND,C,B+,ND,ND,ND,ND,ND
19-1093,0,0,0,0,0,0,0,0,0,0,0,58,66,0,0,82,0,0,0,0,0,0,0,0,0,0,0,ND,B+,B+,ND,ND,B,ND,ND,ND,ND,ND
19-1094,0,0,0,0,0,0,0,0,0,0,0,64,68,0,0,68,0,65,0,0,0,0,0,0,0,0,0,ND,B+,A,ND,ND,B,ND,ND,ND,ND,ND
19-1095,0,0,0,0,0,0,0,0,0,0,0,0,68,0,0,91,0,0,0,0,0,0,95,0,88,0,0,ND,A,A+,ND,ND,B+,ND,ND,ND,ND,ND
19-1096,0,0,0,0,0,0,0,0,0,0,74,80,52,0,0,0,84,65,0,0,0,0,0,0,0,0,0,ND,B+,A,ND,ND,B,ND,ND,ND,ND,ND
19-1097,0,0,0,0,0,0,0,0,0,0,0,0,70,0,0,61,78,0,0,0,0,0,0,0,86,0,0,ND,B+,B+,ND,ND,B+,ND,ND,ND,ND,ND
19-1098,0,0,0,0,0,0,0,0,0,0,0,0,77,0,0,82,81,0,0,0,0,0,0,0,88,0,0,ND,AB,AB,ND,ND,AB,ND,ND,ND,ND,ND
19-1099,0,0,0,0,0,0,0,0,0,0,0,79,73,0,0,81,0,0,0,0,0,0,0,0,0,0,0,ND,B+,A+,ND,ND,B+,ND,ND,ND,ND,ND
19-1100,0,0,0,0,0,0,0,0,0,0,0,78,62,0,0,91,0,0,0,0,0,0,91,0,0,0,0,ND,B+,A+,ND,ND,B+,ND,ND,ND,ND,ND
19-1101,0,0,0,0,0,0,0,0,0,0,0,0,67,0,0,0,65,49,0,0,0,0,0,0,52,0,0,ND,C,P,ND,ND,C,ND,ND,ND,ND,ND
19-1102,0,0,0,0,75,0,0,62,0,0,0,0,70,0,0,0,0,67,0,0,50,64,0,0,0,0,0,ND,P,B,ND,ND,C,ND,ND,ND,ND,ND
19-1112,0,0,0,0,0,0,0,0,0,0,0,77,73,0,0,0,75,85,0,0,0,0,0,0,0,0,0,C,B,ND,ND,ND,B+,ND,ND,ND,ND,ND
19-1113,0,0,0,0,0,0,0,0,0,0,0,75,71,0,0,91,0,0,0,0,0,0,90,0,0,0,0,B,B+,ND,ND,ND,A,ND,ND,ND,ND,ND
19-1115,0,0,0,0,0,0,0,0,0,0,0,0,62,0,0,89,65,0,0,0,0,0,0,0,74,0,0,C,C,ND,ND,ND,B+,ND,ND,ND,ND,ND
19-1116,0,0,0,0,0,0,0,0,0,0,0,0,75,0,0,88,96,0,0,0,0,0,0,0,89,0,0,A,A,ND,ND,ND,B+,ND,ND,ND,ND,ND
19-1117,0,0,0,0,0,0,0,0,0,0,0,74,62,0,0,89,0,0,0,0,0,0,74,0,0,0,0,P,C,ND,ND,ND,B,ND,ND,ND,ND,ND
19-1118,0,0,0,0,0,0,0,0,0,0,0,79,76,0,0,92,0,91,0,0,0,0,76,0,0,0,0,B+,B+,ND,ND,ND,B+,ND,ND,ND,ND,ND
19-1119,0,0,0,0,0,0,0,0,0,0,0,0,78,0,0,90,98,0,0,0,0,0,0,0,99,0,0,A,A+,ND,ND,ND,A,ND,ND,ND,ND,ND
19-1120,0,0,0,0,0,0,0,0,0,0,0,57,45,0,0,62,0,0,0,0,0,0,0,0,0,0,0,F,F,ND,ND,ND,P,ND,ND,ND,ND,ND
19-1121,0,0,0,0,0,0,0,0,0,0,0,73,43,0,0,65,0,0,0,0,0,0,0,0,0,0,0,F,F,ND,ND,ND,P,ND,ND,ND,ND,ND
19-1131,0,0,0,0,0,0,0,0,0,0,0,0,78,0,0,0,91,0,100,0,0,0,0,94,95,0,0,ND,A+,ND,A+,ND,A+,ND,ND,ND,ND,ND
19-1141,0,0,0,0,0,0,0,0,0,0,0,0,69,0,0,93,0,0,0,91,0,0,0,0,85,0,0,ND,ND,ND,ND,B+,A+,ND,ND,A+,ND,ND
19-1142,0,0,0,0,0,0,0,0,0,0,0,0,59,0,0,89,0,0,0,0,0,0,0,0,72,0,0,ND,ND,ND,ND,P,A,ND,ND,B+,ND,ND
19-1143,0,0,0,0,0,0,0,0,0,0,0,0,68,0,0,90,0,0,0,95,0,0,0,0,83,0,0,ND,ND,ND,ND,P,B+,ND,ND,B+,ND,ND
19-1144,0,0,0,0,0,0,0,0,0,0,0,0,66,0,0,86,0,0,0,0,0,0,0,0,87,0,0,ND,ND,ND,ND,P,C,ND,ND,B+,ND,ND
19-1151,0,0,0,0,0,0,0,0,0,0,0,78,61,0,0,89,0,0,0,0,0,0,0,0,0,0,0,ND,ND,B+,ND,ND,C,ND,ND,B+,ND,ND
19-1152,0,0,0,0,0,0,0,0,0,0,0,90,78,0,0,89,0,0,0,0,0,0,0,0,0,0,0,ND,ND,B+,ND,ND,B+,ND,ND,C,ND,ND
19-1153,0,0,0,0,0,0,0,0,0,0,0,67,67,0,0,80,0,0,0,0,0,0,0,0,0,0,0,ND,ND,C,ND,ND,C,ND,ND,B,ND,ND
19-1161,0,0,0,0,0,0,0,0,0,0,0,37,48,0,0,60,0,0,0,0,0,0,0,0,0,0,0,F,ND,ND,ND,ND,F,ND,ND,C,ND,ND
19-1162,0,0,0,0,0,0,0,0,0,0,0,0,78,0,0,84,0,0,0,93,0,0,0,0,77,0,0,B+,ND,ND,ND,ND,P,ND,ND,B+,ND,ND
19-1163,0,0,0,0,0,0,0,0,0,0,0,0,45,0,0,64,0,0,0,55,0,0,0,0,0,0,54,AB,ND,ND,ND,ND,AB,ND,ND,AB,ND,ND
19-1201,0,0,0,0,0,0,0,0,0,0,0,0,76,0,0,0,67,74,0,0,0,0,0,0,75,0,0,ND,ND,ND,ND,F,ND,ND,B+,ND,ND,C
19-1202,0,0,0,0,0,0,0,0,0,0,0,0,67,0,0,0,73,87,0,0,0,0,0,0,76,0,0,ND,ND,ND,ND,C,ND,ND,B,ND,ND,B+
19-1203,0,0,0,0,0,0,0,0,0,0,0,0,52,0,0,0,66,75,0,0,0,0,0,0,65,0,0,ND,ND,ND,ND,P,ND,ND,P,ND,ND,P
19-1204,0,0,0,0,0,0,0,0,0,0,0,0,75,0,0,79,0,80,0,0,0,0,0,0,82,0,0,ND,ND,ND,ND,B+,ND,ND,A,ND,ND,B+
19-1205,0,0,0,0,0,0,0,0,0,0,0,0,55,0,0,61,0,73,0,0,0,0,0,0,50,0,0,ND,ND,ND,ND,AB,ND,ND,B,ND,ND,F
19-1206,0,0,0,0,56,0,0,44,0,0,0,0,66,0,0,68,0,0,0,0,0,50,0,0,58,0,0,ND,ND,ND,ND,P,ND,ND,B+,ND,ND,P
19-1207,0,0,0,0,0,0,0,0,0,0,0,0,71,0,0,71,0,78,0,0,0,0,0,0,65,0,0,ND,ND,ND,ND,F,ND,ND,P,ND,ND,P
19-1208,0,0,0,0,0,0,0,0,0,0,0,0,45,0,0,0,73,55,0,0,0,0,0,0,79,0,0,ND,ND,ND,ND,F,ND,ND,F,ND,ND,F
19-1210,0,0,0,0,0,0,0,0,0,0,0,0,41,0,0,0,59,72,0,0,0,0,0,0,36,0,0,ND,ND,ND,ND,F,ND,ND,P,ND,ND,P
19-1211,0,0,0,0,0,0,0,0,0,0,0,0,83,0,0,87,0,90,0,0,0,0,0,0,92,0,0,ND,ND,ND,ND,B+,ND,ND,B+,ND,ND,B+
19-1212,0,0,0,0,0,0,0,0,0,0,0,0,72,0,0,84,0,88,0,0,0,0,0,0,85,0,0,ND,ND,ND,ND,B+,ND,ND,A,ND,ND,A
19-1213,0,0,0,0,0,0,0,0,0,0,0,0,69,0,0,69,0,65,0,0,0,0,0,0,70,0,0,ND,ND,ND,ND,F,ND,ND,B+,ND,ND,P
19-1214,0,0,0,0,0,0,0,0,0,0,0,0,63,0,0,0,67,86,0,0,0,0,0,0,77,0,0,ND,ND,ND,ND,F,ND,ND,B,ND,ND,F
19-1231,0,0,0,0,0,0,0,0,0,0,0,0,48,0,0,0,46,55,0,0,0,0,0,0,42,0,0,ND,ND,F,ND,ND,ND,ND,F,ND,ND,F
19-1232,0,0,0,0,0,0,0,0,0,0,0,0,53,0,0,0,37,58,0,0,0,0,0,0,56,0,0,ND,ND,P,ND,ND,ND,ND,P,ND,ND,P
19-1233,0,33,0,0,0,0,33,0,0,0,0,0,33,0,0,0,0,36,0,0,0,0,0,0,0,0,0,ND,ND,F,ND,ND,ND,ND,F,ND,ND,F
19-1234,0,0,0,0,0,0,0,0,0,0,0,0,70,0,0,0,57,83,0,0,0,0,0,0,65,0,0,ND,ND,P,ND,ND,ND,ND,B,ND,ND,P
19-1235,0,0,0,0,0,0,0,0,0,0,0,58,45,0,0,0,63,66,0,0,0,0,0,0,0,0,0,ND,ND,C,ND,ND,ND,ND,B,ND,ND,P
19-1237,0,0,0,0,0,0,33,0,0,0,0,0,41,0,0,0,0,53,0,0,0,0,0,0,0,33,0,ND,ND,F,ND,ND,ND,ND,P,ND,ND,F
19-1238,0,0,0,0,0,0,0,0,0,0,0,0,65,0,0,64,0,69,0,0,0,0,0,0,62,0,0,ND,ND,F,ND,ND,ND,ND,P,ND,ND,P
19-1239,0,0,0,0,0,0,0,0,0,0,0,0,63,0,0,0,78,69,0,0,0,0,0,0,56,0,0,ND,ND,P,ND,ND,ND,ND,F,ND,ND,F
19-1240,0,0,0,0,0,0,0,0,0,0,0,0,58,0,0,74,0,66,0,0,0,0,0,0,70,0,0,ND,ND,F,ND,ND,ND,ND,P,ND,ND,P
19-1241,0,0,0,0,0,0,0,0,0,0,0,52,58,0,0,79,0,77,0,0,0,0,0,0,0,0,0,ND,ND,C,ND,ND,ND,ND,A,ND,ND,F
19-1243,0,0,0,0,0,0,0,0,0,0,0,0,76,0,0,84,0,91,0,0,0,0,0,0,91,0,0,ND,ND,A+,ND,ND,ND,ND,B+,ND,ND,A
19-1244,0,0,0,0,0,0,0,0,0,0,0,59,56,0,0,0,63,53,0,0,0,0,0,0,0,0,0,ND,ND,C,ND,ND,ND,ND,P,ND,ND,B+
19-1245,0,0,0,0,0,0,0,0,0,0,0,0,67,0,0,86,0,90,0,0,0,0,0,0,76,0,0,ND,ND,B+,ND,ND,ND,ND,A,ND,ND,C
19-1247,0,0,0,0,0,0,0,0,0,0,0,0,62,0,0,0,66,66,0,0,0,0,0,0,69,0,0,ND,ND,AB,ND,ND,ND,ND,AB,ND,ND,AB
19-1261,0,0,0,0,0,0,0,0,0,0,0,0,47,0,0,0,45,54,0,0,0,0,0,0,55,0,0,P,ND,ND,ND,ND,ND,ND,B,ND,ND,F
19-1262,0,0,0,0,0,0,0,0,0,0,0,0,56,0,0,0,52,58,0,0,0,0,0,0,65,0,0,F,ND,ND,ND,ND,ND,ND,C,ND,ND,P
19-1264,0,0,0,0,0,0,0,0,0,0,0,0,63,0,0,76,0,75,0,0,0,0,0,0,75,0,0,P,ND,ND,ND,ND,ND,ND,B+,ND,ND,P
19-1265,0,0,0,0,0,0,0,0,0,0,0,0,74,0,0,84,0,88,0,0,0,0,0,0,90,0,0,B,ND,ND,ND,ND,ND,ND,A,ND,ND,B
19-1266,0,0,0,0,0,0,35,0,0,0,0,0,44,0,0,0,0,55,0,0,0,0,0,0,0,38,0,F,ND,ND,ND,ND,ND,ND,P,ND,ND,F
19-1268,0,0,0,0,0,0,0,0,0,0,0,0,60,0,0,69,0,69,0,0,0,0,0,0,67,0,0,P,ND,ND,ND,ND,ND,ND,C,ND,ND,P
19-1269,0,0,0,0,0,0,0,0,0,0,0,0,79,0,0,83,0,91,0,0,0,0,0,0,81,0,0,B+,ND,ND,ND,ND,ND,ND,A+,ND,ND,B+
19-1270,0,0,0,0,0,0,0,0,0,0,0,0,73,0,0,83,0,93,0,0,0,0,0,0,80,0,0,B,ND,ND,ND,ND,ND,ND,A+,ND,ND,B+
19-1271,0,0,0,0,0,0,0,0,0,0,0,46,50,0,0,76,0,81,0,0,0,0,0,0,0,0,0,P,ND,ND,ND,ND,ND,ND,B,ND,ND,F
19-1272,0,0,0,0,0,0,0,0,0,0,0,63,64,0,0,82,0,80,0,0,0,0,0,0,0,0,0,B,ND,ND,ND,ND,ND,ND,A,ND,ND,B
19-1273,0,0,0,0,0,0,0,0,0,0,0,0,74,0,0,0,61,83,0,0,0,0,0,0,61,0,0,P,ND,ND,ND,ND,ND,ND,B+,ND,ND,C
19-1301,0,0,0,0,0,0,0,0,0,0,0,0,73,0,0,0,97,96,0,0,0,0,0,0,83,0,0,ND,A+,ND,ND,A,ND,ND,A+,ND,ND,ND
19-1302,0,0,0,0,0,0,0,0,0,0,0,0,61,0,0,0,77,91,0,0,0,0,0,0,60,0,0,ND,B,ND,ND,C,ND,ND,A+,ND,ND,ND
19-1304,0,0,0,0,0,0,0,0,0,0,0,0,59,0,0,0,65,76,0,0,0,0,0,0,69,0,0,ND,B,ND,ND,B+,ND,ND,B+,ND,ND,ND
19-1305,0,0,0,0,0,0,0,0,0,0,0,0,74,0,0,0,80,81,0,0,0,0,0,0,77,0,0,ND,B,ND,ND,C,ND,ND,B,ND,ND,ND
19-1306,0,0,0,0,0,0,0,0,0,0,0,0,60,0,0,0,81,92,0,0,0,0,0,0,93,0,0,ND,B,ND,ND,F,ND,ND,A,ND,ND,ND
19-1307,0,0,0,0,0,0,0,0,0,0,0,0,63,0,0,0,72,76,0,0,0,0,0,0,78,0,0,ND,B,ND,ND,F,ND,ND,B+,ND,ND,ND
19-1321,0,0,0,0,0,0,0,0,0,0,0,54,63,0,0,79,0,73,0,0,0,0,0,0,0,0,0,ND,P,P,ND,ND,ND,ND,B+,ND,ND,ND
19-1322,0,0,0,0,0,0,0,0,0,0,0,53,73,0,0,84,0,86,0,0,0,0,86,0,0,0,0,ND,P,F,ND,ND,ND,ND,B+,ND,ND,ND
19-1323,0,0,0,0,0,0,0,0,0,0,0,45,53,0,0,72,0,76,0,0,0,0,0,0,0,0,0,ND,F,P,ND,ND,ND,ND,B,ND,ND,ND
19-1325,0,0,0,0,0,0,0,0,0,0,0,59,57,0,0,59,0,63,0,0,0,0,0,0,0,0,0,ND,C,B,ND,ND,ND,ND,F,ND,ND,ND
19-1326,0,0,0,0,0,0,0,0,0,0,0,0,57,0,0,74,0,68,0,0,0,0,0,0,50,0,0,ND,F,F,ND,ND,ND,ND,P,ND,ND,ND
19-1327,0,0,0,0,0,0,73,0,0,0,0,0,51,0,0,0,0,79,0,0,0,0,0,0,0,0,0,ND,B,C,ND,ND,ND,ND,C,ND,ND,ND
19-1328,0,0,0,0,0,0,0,0,0,0,0,0,64,0,0,0,67,66,68,0,0,0,0,0,61,0,0,ND,F,C,ND,ND,ND,ND,C,ND,ND,ND
19-1330,0,0,0,0,0,0,0,0,0,0,0,0,62,0,0,67,0,74,0,0,0,0,0,0,62,0,0,ND,B+,A,ND,ND,ND,ND,B,ND,ND,ND
19-1341,0,0,0,0,0,0,0,0,0,0,0,0,55,0,0,0,47,79,0,0,0,0,0,0,50,0,0,F,B+,ND,ND,ND,ND,ND,B+,ND,ND,ND
19-1343,0,0,0,0,0,0,57,0,0,0,0,0,66,0,0,0,0,72,0,0,0,0,0,0,0,61,0,F,F,ND,ND,ND,ND,ND,P,ND,ND,ND
19-1344,0,0,0,0,0,0,0,0,0,0,0,72,52,0,0,67,0,68,0,0,0,0,0,0,0,0,0,C,P,ND,ND,ND,ND,ND,B+,ND,ND,ND
19-1346,0,0,0,0,0,0,0,0,0,0,55,51,44,0,0,0,54,62,0,0,0,0,0,0,0,0,0,F,AB,ND,ND,ND,ND,ND,AB,ND,ND,ND
19-1347,0,0,0,0,0,0,0,0,0,0,0,0,53,0,0,0,47,53,0,0,0,0,0,0,0,0,0,F,F,ND,ND,ND,ND,ND,F,ND,ND,ND
19-1348,0,0,0,0,0,0,0,0,0,0,0,33,48,0,0,53,0,47,0,0,0,0,0,0,0,0,0,F,F,ND,ND,ND,ND,ND,F,ND,ND,ND
19-1349,0,0,0,0,0,0,0,0,0,0,0,0,39,0,0,57,0,57,0,0,0,0,0,0,38,0,0,AB,AB,ND,ND,ND,ND,ND,AB,ND,ND,ND
19-1350,0,0,0,0,0,0,0,0,0,0,0,0,72,0,0,80,0,82,0,0,0,0,52,0,57,0,0,C,P,ND,ND,ND,ND,ND,B,ND,ND,ND
19-1351,0,0,0,0,0,0,0,0,0,0,0,0,57,0,0,59,0,60,0,0,0,0,0,0,55,0,0,AB,AB,ND,ND,ND,ND,ND,P,ND,ND,ND
19-1352,0,0,0,0,0,0,0,0,0,0,0,0,56,0,0,0,63,65,0,0,0,0,0,0,59,0,0,F,P,ND,ND,ND,ND,ND,P,ND,ND,ND
19-1361,0,0,0,0,0,0,0,0,0,0,0,0,47,0,0,73,0,0,0,67,0,0,0,0,0,0,0,ND,ND,F,ND,ND,ND,ND,F,P,ND,ND
19-1362,0,0,0,0,0,0,0,0,0,0,0,55,53,0,0,82,0,0,0,81,0,0,0,0,0,0,0,ND,ND,P,ND,ND,ND,ND,C,P,ND,ND
19-1363,0,0,0,0,0,0,0,0,0,0,0,48,43,0,0,60,0,0,0,66,0,0,0,0,0,0,0,ND,ND,F,ND,ND,ND,ND,F,P,ND,ND
19-1372,0,0,103,0,0,0,0,0,0,0,0,0,43,0,0,0,0,0,0,0,0,0,0,0,0,0,0,AB,ND,ND,ND,ND,ND,ND,AB,AB,ND,ND
19-1373,0,0,0,0,0,0,39,0,0,0,0,0,34,0,0,0,0,0,0,40,0,0,0,0,0,33,0,AB,ND,ND,ND,ND,ND,ND,AB,AB,ND,ND
19-1401,0,0,0,0,0,0,0,0,0,0,0,0,56,0,0,79,46,0,74,0,0,0,0,0,59,0,0,ND,ND,ND,ND,P,ND,ND,ND,ND,A,B
19-1405,0,0,0,0,0,0,0,0,0,0,0,0,70,48,0,0,73,0,0,0,0,0,0,0,78,0,0,ND,ND,ND,ND,C,ND,ND,ND,ND,B+,C
19-1406,0,0,0,0,0,0,0,0,0,0,0,0,81,0,0,0,0,0,0,0,0,0,0,70,87,0,0,ND,ND,ND,ND,B,ND,ND,ND,ND,A,B+
19-1409,0,0,0,0,72,0,0,53,0,0,0,0,59,0,0,0,0,64,0,0,0,58,0,0,76,0,0,ND,ND,ND,ND,A,ND,ND,ND,ND,B+,B+
19-1411,0,0,0,0,0,0,81,0,0,0,0,0,73,0,0,0,0,71,0,0,0,0,0,0,0,67,0,ND,ND,ND,ND,P,ND,ND,ND,ND,B,P
19-1412,0,0,0,0,0,0,0,0,36,0,0,0,46,0,0,0,0,0,0,0,0,0,0,0,0,0,0,ND,ND,ND,ND,B,ND,ND,ND,ND,A+,A
19-1413,0,0,0,0,0,46,0,45,0,0,0,0,47,0,0,40,0,0,0,0,0,41,0,0,0,0,0,ND,ND,ND,ND,F,ND,ND,ND,ND,B,C
19-1414,0,0,0,0,0,0,0,0,86,0,0,0,72,0,0,0,0,0,0,0,0,0,0,0,0,0,0,ND,ND,ND,ND,F,ND,ND,ND,ND,B+,B
19-1421,0,0,0,0,0,0,0,0,0,0,0,0,63,0,0,0,66,0,0,77,0,0,0,0,0,0,0,ND,ND,P,ND,ND,ND,ND,ND,ND,AB,AB
19-1422,91,0,99,0,0,0,0,0,0,0,0,0,40,0,0,0,0,0,0,0,0,0,0,0,0,0,0,ND,ND,A,ND,ND,ND,ND,ND,ND,P,C
19-1423,0,0,0,0,0,0,0,0,0,0,0,76,71,0,0,0,57,45,0,0,0,0,0,0,0,0,0,ND,ND,C,ND,ND,ND,ND,ND,ND,F,F
19-1424,0,0,0,0,0,0,0,0,0,0,0,48,55,0,0,0,54,68,0,0,0,0,0,0,0,0,0,ND,ND,B,ND,ND,ND,ND,ND,ND,P,F
19-1426,0,0,0,0,0,0,0,0,0,0,0,0,59,0,0,0,78,71,0,0,0,0,0,0,71,0,0,ND,ND,C,ND,ND,ND,ND,ND,ND,P,F
19-1427,0,0,0,0,0,0,0,0,0,0,0,0,55,0,0,0,0,0,0,0,0,0,0,0,0,0,0,ND,ND,A,ND,ND,ND,ND,ND,ND,B+,C
19-1429,0,0,0,0,0,0,0,0,0,0,0,0,52,0,0,0,76,0,0,70,0,0,0,0,0,0,0,ND,ND,B+,ND,ND,ND,ND,ND,ND,B+,B+
19-1431,0,0,0,0,0,0,0,0,0,0,0,63,51,0,0,61,0,0,0,75,0,0,0,0,0,0,0,ND,ND,P,ND,ND,ND,ND,ND,ND,P,F
19-1434,0,0,0,0,0,0,0,0,0,0,0,78,68,0,0,0,73,0,0,86,0,0,0,0,0,0,0,ND,ND,B+,ND,ND,ND,ND,ND,ND,B,P
19-1435,0,0,0,0,0,0,0,0,0,0,0,60,33,0,0,0,80,0,0,71,0,0,0,0,0,0,0,ND,ND,A,ND,ND,ND,ND,ND,ND,B,P
19-1436,0,0,0,0,0,0,0,0,0,0,0,0,65,0,0,0,60,0,0,83,0,0,0,0,0,0,0,ND,ND,B,ND,ND,ND,ND,ND,ND,P,F
19-1437,0,0,0,0,0,0,0,0,0,0,0,0,65,0,0,0,69,47,0,0,0,0,0,0,64,0,0,ND,ND,B+,ND,ND,ND,ND,ND,ND,P,F
19-1438,0,0,0,0,0,0,0,0,0,0,0,0,46,0,0,60,0,0,0,74,0,0,0,0,50,0,0,ND,ND,A,ND,ND,ND,ND,ND,ND,B,B+
19-1439,0,0,0,0,0,0,0,0,0,0,0,0,58,0,0,0,52,59,0,0,0,0,0,0,62,0,0,ND,ND,C,ND,ND,ND,ND,ND,ND,F,P
19-1451,0,0,0,0,0,0,0,0,0,0,0,50,53,0,0,59,0,76,0,0,0,0,0,0,0,0,0,F,ND,ND,ND,ND,ND,ND,ND,ND,F,F
19-1452,0,0,0,0,0,0,0,0,0,0,0,0,49,0,0,75,0,0,0,73,0,0,0,0,60,0,0,F,ND,ND,ND,ND,ND,ND,ND,ND,P,C
19-1455,0,0,0,0,0,0,0,0,0,0,0,0,62,0,0,84,0,0,0,66,0,0,0,0,47,0,0,AB,ND,ND,ND,ND,ND,ND,ND,ND,AB,AB
19-1456,0,0,0,0,76,0,0,0,0,0,0,0,76,0,0,84,0,0,0,0,0,61,0,0,78,0,0,B,ND,ND,ND,ND,ND,ND,ND,ND,P,F
19-1473,0,0,0,0,0,0,0,0,0,0,0,0,84,0,0,0,97,87,0,0,0,0,0,0,98,0,0,ND,A,ND,ND,B+,ND,ND,ND,ND,A,ND
19-1474,0,0,0,0,0,0,0,0,0,0,0,0,64,0,0,0,86,0,0,0,0,0,0,85,65,0,0,ND,A,ND,ND,A+,ND,ND,ND,ND,A,ND
19-1475,0,0,0,0,0,0,0,0,0,0,0,0,55,0,0,0,81,0,0,80,0,0,0,0,53,0,0,ND,AB,ND,ND,A,ND,ND,ND,ND,AB,ND
19-1476,0,0,0,0,0,0,0,0,0,0,0,0,59,0,0,0,70,0,0,0,0,0,0,67,57,0,0,ND,B+,ND,ND,B,ND,ND,ND,ND,C,ND
19-1477,0,0,0,0,63,0,0,0,0,0,0,0,69,58,0,0,0,0,0,0,0,59,0,0,49,0,0,ND,A,ND,ND,B+,ND,ND,ND,ND,A,ND
19-1478,0,53,0,0,0,0,80,0,0,0,0,0,79,0,0,0,0,0,0,0,0,0,0,0,0,0,0,ND,AB,ND,ND,AB,ND,ND,ND,ND,AB,ND
19-1479,0,0,0,0,0,0,0,0,0,0,0,0,46,0,0,56,69,0,0,0,0,0,0,0,59,0,0,ND,A+,ND,ND,A,ND,ND,ND,ND,A,ND
19-1492,0,0,0,0,0,0,0,0,0,0,0,0,65,0,0,92,0,0,0,90,0,0,87,0,75,0,0,ND,C,B+,ND,ND,ND,ND,ND,ND,B,ND
19-1493,0,0,0,0,0,0,0,0,0,0,0,0,50,0,0,0,68,55,0,0,0,0,0,0,53,0,0,ND,A,A,ND,ND,ND,ND,ND,ND,B+,ND
19-1494,0,0,0,0,0,0,0,0,0,0,0,55,70,0,0,71,0,0,0,68,0,0,0,0,0,0,0,ND,B,C,ND,ND,ND,ND,ND,ND,F,ND
19-1495,0,0,0,0,0,0,0,0,0,0,0,0,75,0,0,81,0,0,0,79,0,0,0,0,70,0,0,ND,B,B+,ND,ND,ND,ND,ND,ND,P,ND
19-1496,0,0,0,0,0,0,0,0,0,0,0,52,47,0,0,81,0,0,0,78,0,0,0,0,0,0,0,ND,C,P,ND,ND,ND,ND,ND,ND,F,ND
19-1497,0,0,0,0,0,0,0,0,0,0,0,51,62,0,0,67,0,0,0,70,0,0,0,0,0,0,0,ND,C,P,ND,ND,ND,ND,ND,ND,C,ND
19-1511,0,0,0,0,0,0,0,0,0,0,0,78,53,0,0,73,0,0,0,73,0,0,0,0,0,0,0,P,B,ND,ND,ND,ND,ND,ND,ND,P,ND
19-1512,0,0,0,0,0,0,0,0,0,0,0,37,56,0,0,69,0,0,0,73,0,0,0,0,0,0,0,P,F,ND,ND,ND,ND,ND,ND,ND,P,ND
19-1513,0,0,0,0,0,0,0,0,0,0,0,62,73,0,0,88,0,0,0,89,0,0,0,0,0,0,0,P,B+,ND,ND,ND,ND,ND,ND,ND,F,ND
19-1515,0,0,0,0,0,0,0,0,0,0,0,60,56,0,0,71,0,0,0,67,0,0,0,0,0,0,0,C,A,ND,ND,ND,ND,ND,ND,ND,C,ND
19-1517,0,0,0,0,0,0,0,0,0,0,0,66,47,0,0,0,67,0,0,75,0,0,0,0,0,0,0,C,B,ND,ND,ND,ND,ND,ND,ND,C,ND
19-1518,0,0,0,0,0,0,0,0,0,0,0,0,66,0,0,68,0,0,0,79,0,0,0,0,60,0,0,F,P,ND,ND,ND,ND,ND,ND,ND,F,ND
19-1531,0,0,0,0,0,0,0,0,0,0,0,0,75,0,0,86,0,0,0,88,0,0,0,0,72,0,0,ND,ND,ND,ND,B+,ND,ND,ND,B+,B,ND
19-1532,0,0,0,0,0,0,0,0,0,0,0,0,58,0,0,59,0,0,0,72,0,0,0,0,68,0,0,ND,ND,ND,ND,P,ND,ND,ND,C,C,ND
19-1533,0,0,0,0,68,0,0,0,0,0,0,0,58,0,0,0,0,0,0,78,0,59,0,0,72,0,0,ND,ND,ND,ND,P,ND,ND,ND,C,P,ND
19-1534,0,0,0,0,0,0,0,0,0,0,0,0,68,0,0,88,0,0,0,83,0,0,0,0,91,0,0,ND,ND,ND,ND,B+,ND,ND,ND,B+,B,ND
19-1551,0,0,0,0,0,0,0,0,0,0,0,0,62,0,0,91,0,0,0,82,0,0,0,0,54,0,0,ND,ND,A+,ND,ND,ND,ND,ND,A,B,ND
19-1552,0,0,0,0,0,0,0,0,0,0,0,58,61,0,0,74,0,0,0,82,0,0,0,0,0,0,0,ND,ND,C,ND,ND,ND,ND,ND,B+,P,ND
19-1553,0,0,0,0,51,0,0,0,0,0,0,0,49,0,0,0,0,0,0,52,33,49,0,0,0,0,0,ND,ND,B,ND,ND,ND,ND,ND,P,B+,ND
19-1561,0,0,0,0,0,0,0,0,0,0,50,57,43,0,0,0,0,0,0,69,0,0,0,0,0,0,0,F,ND,ND,ND,ND,ND,ND,ND,F,F,ND
19-1562,0,0,0,0,0,0,0,0,0,0,0,0,52,0,0,80,0,0,0,79,0,0,0,0,66,0,0,F,ND,ND,ND,ND,ND,ND,ND,P,P,ND
19-1563,0,0,0,0,0,0,0,0,0,0,0,0,76,0,0,69,72,0,0,0,0,0,0,0,66,0,0,C,ND,ND,ND,ND,ND,ND,ND,C,F,ND
19-1601,0,0,0,0,0,0,0,0,0,0,0,0,71,0,0,72,88,0,0,0,0,0,0,0,60,0,0,ND,ND,ND,ND,B+,ND,A,ND,ND,ND,B+
19-1606,0,0,0,0,0,0,0,0,0,0,0,0,73,63,0,0,83,0,0,0,0,0,0,0,77,0,0,ND,ND,ND,ND,B,ND,B+,ND,ND,ND,C
19-1607,0,0,0,0,0,0,0,0,0,0,0,0,60,36,0,0,45,0,64,0,0,0,0,0,51,0,0,ND,ND,ND,ND,A,ND,A,ND,ND,ND,A
19-1608,0,0,0,0,0,0,0,0,0,0,0,0,64,0,0,0,74,71,0,0,0,0,0,0,71,0,0,ND,ND,ND,ND,F,ND,F,ND,ND,ND,F
19-1609,0,0,0,0,0,0,0,0,0,0,0,0,79,0,0,0,82,80,0,0,0,0,0,0,85,0,0,ND,ND,ND,ND,A,ND,A,ND,ND,ND,B+
19-1610,0,0,0,0,0,0,0,0,0,0,0,0,74,0,0,0,0,0,0,0,37,37,0,0,0,0,0,ND,ND,ND,ND,A,ND,A+,ND,ND,ND,A
19-1611,0,0,0,0,0,0,0,0,0,0,0,0,86,0,0,0,0,0,0,0,26,0,0,0,0,0,0,ND,ND,ND,ND,A+,ND,A,ND,ND,ND,A
19-1612,0,0,0,0,0,0,0,0,0,0,0,0,88,0,0,0,0,0,0,0,0,0,0,0,69,0,0,ND,ND,ND,ND,P,ND,B,ND,ND,ND,C
19-1615,0,0,0,0,0,0,0,0,0,0,0,0,71,0,0,82,0,87,0,0,0,0,0,0,83,0,0,ND,ND,ND,ND,A+,ND,O,ND,ND,ND,A
19-1616,0,0,0,0,0,0,0,0,0,0,0,0,69,51,0,0,87,0,0,0,0,0,0,0,72,0,0,ND,ND,ND,ND,A,ND,A,ND,ND,ND,B
19-1618,0,0,0,0,0,0,0,0,0,0,0,0,47,0,0,0,52,0,0,62,0,0,0,0,47,0,0,ND,ND,ND,ND,B+,ND,A,ND,ND,ND,A
19-1619,0,0,0,0,67,0,0,0,0,0,0,0,83,68,0,0,0,0,0,0,0,49,0,0,81,0,0,ND,ND,ND,ND,P,ND,P,ND,ND,ND,C
19-1620,0,0,0,0,0,0,66,0,0,0,0,0,70,0,0,66,0,0,0,0,0,0,0,0,0,53,0,ND,ND,ND,ND,A,ND,A+,ND,ND,ND,B+
19-1631,0,0,0,0,0,0,0,0,0,0,0,0,62,0,0,75,78,0,0,0,0,0,0,0,55,0,0,ND,ND,P,ND,ND,ND,B+,ND,ND,ND,C
19-1633,0,0,0,0,0,0,0,0,0,0,0,0,78,0,0,0,98,91,0,0,0,0,0,0,90,0,0,ND,ND,A,ND,ND,ND,B+,ND,ND,ND,C
19-1634,0,0,0,0,0,0,0,0,0,0,0,0,73,0,0,0,78,76,0,0,0,0,0,0,79,0,0,ND,ND,A+,ND,ND,ND,A,ND,ND,ND,A
19-1635,0,0,0,0,0,0,0,0,0,0,0,51,75,0,0,70,0,81,0,0,0,0,0,0,0,0,0,ND,ND,O,ND,ND,ND,A,ND,ND,ND,B+
19-1636,0,0,0,0,70,0,0,0,0,0,0,0,80,0,0,0,0,85,0,0,0,57,0,0,0,0,0,ND,ND,B+,ND,ND,ND,A,ND,ND,ND,B
19-1637,0,0,0,0,0,0,0,0,0,0,0,0,50,0,0,0,80,58,0,0,0,0,0,0,36,0,0,ND,ND,A,ND,ND,ND,A+,ND,ND,ND,A
19-1638,0,0,0,0,0,0,0,0,0,0,0,0,53,0,0,0,33,47,0,0,0,0,0,0,40,0,0,ND,ND,A,ND,ND,ND,A,ND,ND,ND,B
19-1639,0,0,0,0,0,0,0,0,0,0,0,0,63,0,0,73,0,0,0,75,0,0,0,0,70,0,0,ND,ND,B,ND,ND,ND,B+,ND,ND,ND,P
19-1640,0,0,0,0,0,0,0,0,0,0,0,0,69,0,0,66,57,0,0,0,0,0,0,0,48,0,0,ND,ND,B,ND,ND,ND,B+,ND,ND,ND,P
19-1651,0,0,0,0,0,0,0,0,0,0,0,0,53,0,0,72,40,0,0,0,0,0,0,0,40,0,0,F,ND,ND,ND,ND,ND,B+,ND,ND,ND,F
19-1652,0,0,0,0,0,0,0,0,0,0,0,0,69,0,0,82,98,0,0,0,0,0,0,0,93,0,0,P,ND,ND,ND,ND,ND,B,ND,ND,ND,F
19-1654,0,0,0,0,0,0,0,0,0,0,0,0,51,0,0,0,49,50,0,0,0,0,0,0,0,0,0,B+,ND,ND,ND,ND,ND,A+,ND,ND,ND,A+
19-1655,0,0,0,0,0,0,0,0,0,0,0,47,59,0,0,63,0,73,0,0,0,0,48,0,0,0,0,AB,ND,ND,ND,ND,ND,AB,ND,ND,ND,AB
19-1656,0,0,0,0,0,0,0,0,0,0,0,0,71,0,0,89,0,0,0,95,0,0,0,0,83,0,0,F,ND,ND,ND,ND,ND,B,ND,ND,ND,F
19-1657,0,0,0,0,0,0,0,0,0,0,0,68,87,0,0,76,0,0,0,72,0,0,0,0,0,0,0,B+,ND,ND,ND,ND,ND,A,ND,ND,ND,A
19-1658,0,0,0,0,0,0,0,0,0,0,0,0,66,0,0,0,63,0,0,0,0,0,0,82,72,0,0,B,ND,ND,ND,ND,ND,A,ND,ND,ND,F
19-1665,0,0,0,0,0,0,0,0,0,0,0,0,70,0,0,0,72,69,0,0,0,0,0,0,75,0,0,ND,ND,ND,A,ND,ND,A,ND,ND,ND,B
19-1671,0,0,0,0,0,0,0,0,0,0,0,0,67,0,0,69,62,0,0,0,0,0,0,0,62,0,0,ND,B+,ND,ND,B,ND,B+,ND,ND,ND,ND
19-1672,0,0,0,0,0,0,0,0,0,0,0,0,77,0,0,0,74,76,0,0,0,0,0,0,89,0,0,ND,C,ND,ND,P,ND,B+,ND,ND,ND,ND
19-1673,0,0,0,0,0,0,0,0,0,0,0,0,68,66,0,0,82,0,0,0,0,0,0,0,72,0,0,ND,B+,ND,ND,A,ND,A,ND,ND,ND,ND
19-1674,0,0,0,0,0,0,0,0,0,0,0,0,66,0,0,0,80,67,0,0,0,0,0,0,72,0,0,ND,A+,ND,ND,A,ND,A+,ND,ND,ND,ND
19-1676,0,0,0,0,62,0,0,0,0,0,0,0,66,50,0,0,0,0,0,0,0,56,0,0,56,0,0,ND,B+,ND,ND,A,ND,B+,ND,ND,ND,ND
19-1677,0,0,0,0,85,0,0,0,0,0,0,0,79,0,0,0,0,92,0,0,0,75,0,0,81,0,0,ND,C,ND,ND,A,ND,A,ND,ND,ND,ND
19-1678,0,0,0,0,0,0,0,0,0,0,0,0,80,0,0,0,92,75,0,0,0,0,0,0,89,0,0,ND,A,ND,ND,A,ND,O,ND,ND,ND,ND
19-1679,0,0,0,0,0,0,0,0,0,0,0,0,82,71,0,0,95,0,0,0,0,0,0,0,84,0,0,ND,B+,ND,ND,B+,ND,A+,ND,ND,ND,ND
19-1680,0,0,0,0,0,0,0,0,0,0,0,0,75,0,0,70,92,0,0,0,0,0,0,0,83,0,0,ND,A+,ND,ND,A+,ND,A+,ND,ND,ND,ND
19-1681,0,0,0,0,0,0,0,0,0,0,0,0,68,0,0,0,73,78,0,0,0,0,0,0,79,0,0,ND,A,ND,ND,A+,ND,A+,ND,ND,ND,ND
19-1682,0,0,0,0,0,0,0,0,0,0,0,0,80,54,0,0,82,0,79,0,0,0,0,0,76,0,0,ND,B,ND,ND,B+,ND,P,ND,ND,ND,ND
19-1683,0,0,0,0,0,0,0,0,0,0,0,0,77,0,0,0,96,74,0,0,0,0,0,0,92,0,0,ND,B,ND,ND,A,ND,C,ND,ND,ND,ND
19-1684,0,0,0,0,0,0,0,0,0,0,0,0,79,0,0,0,71,71,0,0,0,0,0,0,74,0,0,ND,A+,ND,ND,A+,ND,A,ND,ND,ND,ND
19-1685,0,0,0,0,0,0,0,0,0,0,0,0,85,0,0,0,90,85,0,0,0,0,0,0,78,0,0,ND,A+,ND,ND,A,ND,A+,ND,ND,ND,ND
19-1686,0,0,0,0,0,0,0,0,0,0,0,0,79,0,0,0,89,78,0,0,0,0,0,0,75,0,0,ND,O,ND,ND,A+,ND,A+,ND,ND,ND,ND
19-1687,0,0,0,0,0,0,0,0,0,0,0,0,78,0,0,0,76,79,0,0,0,0,0,0,84,0,0,ND,B+,ND,ND,B+,ND,A,ND,ND,ND,ND
19-1688,0,0,0,0,0,0,67,0,0,0,0,0,60,0,0,0,0,69,0,0,0,0,0,0,0,56,0,ND,A,ND,ND,A,ND,A,ND,ND,ND,ND
19-1689,0,0,0,0,0,0,0,0,0,0,82,0,80,58,0,0,92,0,0,0,0,0,0,0,88,0,0,ND,B+,ND,ND,A,ND,A,ND,ND,ND,ND
19-1690,0,0,0,0,0,0,0,0,0,0,0,0,76,0,0,82,61,0,0,0,0,0,0,0,80,0,0,ND,A+,ND,ND,A+,ND,A+,ND,ND,ND,ND
19-1691,0,0,0,0,0,0,0,0,0,0,0,0,76,0,0,0,79,0,0,0,0,0,0,69,85,0,0,ND,A+,ND,ND,A,ND,A,ND,ND,ND,ND
19-1692,0,0,0,0,0,0,0,0,0,0,0,0,66,0,0,0,85,77,0,0,0,0,0,0,90,0,0,ND,B+,ND,ND,A,ND,A+,ND,ND,ND,ND
19-1693,0,0,0,0,0,0,0,0,0,0,0,0,88,85,0,0,99,0,100,0,0,0,0,0,90,0,0,ND,A,ND,ND,B+,ND,B,ND,ND,ND,ND
19-1694,0,89,0,77,0,0,76,0,0,0,0,0,66,64,0,0,0,0,0,0,0,0,0,0,0,0,0,ND,A+,ND,ND,A+,ND,A,ND,ND,ND,ND
19-1696,0,0,0,0,0,0,0,0,0,0,0,0,81,0,0,0,79,85,0,0,0,0,0,0,90,0,0,ND,C,ND,ND,B+,ND,A,ND,ND,ND,ND
19-1712,0,0,0,0,0,0,0,0,0,0,0,0,74,0,0,79,0,88,0,0,0,0,62,0,65,0,0,ND,A+,A,ND,ND,ND,A+,ND,ND,ND,ND
19-1713,0,0,0,0,0,0,0,0,0,0,0,63,55,0,0,0,51,54,0,0,0,0,0,0,0,0,0,ND,C,P,ND,ND,ND,B+,ND,ND,ND,ND
19-1714,0,0,0,0,0,0,0,0,0,0,0,66,70,0,0,79,0,83,0,0,0,0,0,0,0,0,0,ND,A,B+,ND,ND,ND,B+,ND,ND,ND,ND
19-1715,0,0,0,0,0,0,0,0,0,0,0,92,68,0,0,94,0,0,0,90,0,0,0,0,0,0,0,ND,B+,B+,ND,ND,ND,B+,ND,ND,ND,ND
19-1716,0,0,0,0,0,0,0,0,0,0,0,0,71,0,0,81,0,0,0,72,0,0,0,0,72,0,0,ND,A,A,ND,ND,ND,B+,ND,ND,ND,ND
19-1731,0,0,0,0,0,0,0,0,0,0,0,58,64,0,0,78,0,0,0,69,0,0,0,0,0,0,0,B,B,ND,ND,ND,ND,A,ND,ND,ND,ND
19-1732,0,0,0,0,0,0,0,0,0,0,0,0,70,0,0,0,88,0,0,0,0,0,0,64,85,0,0,C,C,ND,ND,ND,ND,B+,ND,ND,ND,ND
19-1751,0,0,0,0,0,0,0,0,0,0,0,0,68,0,0,82,0,0,0,88,0,0,0,0,85,0,0,ND,A+,ND,A,ND,ND,A+,ND,ND,ND,ND
19-1761,0,0,0,0,0,0,0,0,0,0,0,0,68,0,0,85,0,0,0,88,0,0,0,0,98,0,0,ND,ND,ND,ND,B,ND,B+,ND,A,ND,ND
19-1762,0,0,0,0,0,0,0,0,0,0,0,0,60,0,0,86,0,0,0,83,0,0,0,0,75,0,0,ND,ND,ND,ND,A+,ND,A,ND,A,ND,ND
19-1763,0,0,0,0,0,0,0,0,0,0,0,0,63,0,0,72,0,0,0,77,0,0,91,0,95,0,0,ND,ND,ND,ND,B,ND,A,ND,B+,ND,ND
19-1771,0,0,0,0,0,0,0,0,0,0,0,66,61,0,0,80,0,0,0,85,0,0,90,0,0,0,0,ND,ND,A,ND,ND,ND,A,ND,B,ND,ND
19-1772,0,0,0,0,0,0,0,0,0,0,0,0,71,0,0,90,0,0,0,95,0,0,0,0,79,0,0,ND,ND,B,ND,ND,ND,A,ND,A,ND,ND
19-1781,0,0,0,0,0,0,0,0,0,0,0,0,79,0,0,91,0,0,0,0,0,0,0,0,74,0,0,AB,ND,ND,ND,ND,ND,AB,ND,AB,ND,ND
19-1782,0,0,0,0,0,0,0,0,0,0,47,37,40,0,0,50,37,0,0,0,0,0,0,0,0,0,0,A,ND,ND,ND,ND,ND,A,ND,O,ND,ND
19-1342,102,0,79,0,0,0,0,0,0,0,0,0,49,0,35,0,0,0,0,0,0,0,0,0,0,0,0,F,F,ND,ND,ND,ND,ND,F,ND,ND,ND
19-1416,0,71,0,105,0,0,0,0,0,92,0,0,45,0,44,0,0,0,0,0,0,0,0,0,0,0,0,ND,ND,ND,ND,C,ND,ND,ND,ND,A,A
19-1454,0,0,0,0,0,0,0,0,0,113,0,0,58,0,44,0,0,0,0,0,0,0,0,0,0,0,0,P,ND,ND,ND,ND,ND,ND,ND,ND,C,B
19-1267,0,0,0,0,0,0,0,0,0,0,0,0,69,0,46,0,0,0,0,0,0,0,0,0,0,0,0,F,ND,ND,ND,ND,ND,ND,P,ND,ND,F
19-1440,0,0,0,0,0,0,0,0,0,0,0,0,68,0,50,0,0,0,0,0,0,0,0,0,0,0,0,ND,ND,B+,ND,ND,ND,ND,ND,ND,P,P
19-1345,0,100,0,0,0,0,0,0,0,104,0,0,66,0,59,0,0,0,0,0,0,0,0,0,0,0,0,F,F,ND,ND,ND,ND,ND,P,ND,ND,ND
19-1040,109,0,118,0,0,0,0,0,0,0,0,0,68,0,65,0,0,0,0,0,0,0,0,0,0,0,0,ND,ND,A,ND,ND,C,ND,ND,ND,ND,B+
19-1242,0,0,0,0,0,0,0,0,0,0,0,0,57,0,69,0,0,0,0,0,0,0,0,0,0,0,0,ND,ND,F,ND,ND,ND,ND,F,ND,ND,F
19-1632,0,0,0,0,0,0,0,0,0,127,0,0,68,0,75,0,0,0,0,0,0,0,0,0,0,0,0,ND,ND,B+,ND,ND,ND,B+,ND,ND,ND,B+
